{
  "countries": [
    {
      "id": "MCO",
      "name": "Monaco",
      "name_fr": "Monaco",
      "flag": "MC",
      "region": "europe",
      "economy": 90,
      "stability": 95,
      "population": 1,
      "protector": "FRA",
      "influence_zone": "western_europe",
      "is_territory": false,
      "special_status": "tax_haven"
    },
    {
      "id": "LIE",
      "name": "Liechtenstein",
      "name_fr": "Liechtenstein",
      "flag": "LI",
      "region": "europe",
      "economy": 85,
      "stability": 95,
      "population": 1,
      "protector": "CHE",
      "influence_zone": "western_europe",
      "is_territory": false,
      "special_status": "tax_haven"
    },
    {
      "id": "SMR",
      "name": "San Marino",
      "name_fr": "Saint-Marin",
      "flag": "SM",
      "region": "europe",
      "economy": 70,
      "stability": 95,
      "population": 1,
      "protector": "ITA",
      "influence_zone": "western_europe",
      "is_territory": false,
      "special_status": null
    },
    {
      "id": "AND",
      "name": "Andorra",
      "name_fr": "Andorre",
      "flag": "AD",
      "region": "europe",
      "economy": 65,
      "stability": 95,
      "population": 1,
      "protector": "FRA",
      "influence_zone": "western_europe",
      "is_territory": false,
      "special_status": "tourism"
    },
    {
      "id": "VAT",
      "name": "Vatican City",
      "name_fr": "Vatican",
      "flag": "VA",
      "region": "europe",
      "economy": 50,
      "stability": 100,
      "population": 1,
      "protector": "ITA",
      "influence_zone": "western_europe",
      "is_territory": false,
      "special_status": null
    },
    {
      "id": "GIB",
      "name": "Gibraltar",
      "name_fr": "Gibraltar",
      "flag": "GI",
      "region": "europe",
      "economy": 60,
      "stability": 90,
      "population": 1,
      "protector": "GBR",
      "influence_zone": "western_europe",
      "is_territory": true,
      "special_status": "strategic_base"
    },
    {
      "id": "FRO",
      "name": "Faroe Islands",
      "name_fr": "Iles Feroe",
      "flag": "FO",
      "region": "europe",
      "economy": 45,
      "stability": 90,
      "population": 1,
      "protector": "DNK",
      "influence_zone": "western_europe",
      "is_territory": true,
      "special_status": null
    },
    {
      "id": "GRL",
      "name": "Greenland",
      "name_fr": "Groenland",
      "flag": "GL",
      "region": "europe",
      "economy": 35,
      "stability": 85,
      "population": 1,
      "protector": "DNK",
      "influence_zone": "western_europe",
      "is_territory": true,
      "special_status": "strategic_base"
    },
    {
      "id": "ATG",
      "name": "Antigua and Barbuda",
      "name_fr": "Antigua-et-Barbuda",
      "flag": "AG",
      "region": "caribbean",
      "economy": 30,
      "stability": 70,
      "population": 1,
      "protector": "GBR",
      "influence_zone": "caribbean",
      "is_territory": false,
      "special_status": "tourism"
    },
    {
      "id": "DMA",
      "name": "Dominica",
      "name_fr": "Dominique",
      "flag": "DM",
      "region": "caribbean",
      "economy": 20,
      "stability": 65,
      "population": 1,
      "protector": "GBR",
      "influence_zone": "caribbean",
      "is_territory": false,
      "special_status": null
    },
    {
      "id": "GRD",
      "name": "Grenada",
      "name_fr": "Grenade",
      "flag": "GD",
      "region": "caribbean",
      "economy": 25,
      "stability": 70,
      "population": 1,
      "protector": "GBR",
      "influence_zone": "caribbean",
      "is_territory": false,
      "special_status": "tourism"
    },
    {
      "id": "KNA",
      "name": "Saint Kitts and Nevis",
      "name_fr": "Saint-Kitts-et-Nevis",
      "flag": "KN",
      "region": "caribbean",
      "economy": 30,
      "stability": 75,
      "population": 1,
      "protector": "GBR",
      "influence_zone": "caribbean",
      "is_territory": false,
      "special_status": "tax_haven"
    },
    {
      "id": "LCA",
      "name": "Saint Lucia",
      "name_fr": "Sainte-Lucie",
      "flag": "LC",
      "region": "caribbean",
      "economy": 25,
      "stability": 70,
      "population": 1,
      "protector": "GBR",
      "influence_zone": "caribbean",
      "is_territory": false,
      "special_status": "tourism"
    },
    {
      "id": "VCT",
      "name": "Saint Vincent and the Grenadines",
      "name_fr": "Saint-Vincent-et-les-Grenadines",
      "flag": "VC",
      "region": "caribbean",
      "economy": 20,
      "stability": 65,
      "population": 1,
      "protector": "GBR",
      "influence_zone": "caribbean",
      "is_territory": false,
      "special_status": null
    },
    {
      "id": "ABW",
      "name": "Aruba",
      "name_fr": "Aruba",
      "flag": "AW",
      "region": "caribbean",
      "economy": 40,
      "stability": 80,
      "population": 1,
      "protector": "NLD",
      "influence_zone": "caribbean",
      "is_territory": true,
      "special_status": "tourism"
    },
    {
      "id": "CUW",
      "name": "Curacao",
      "name_fr": "Curacao",
      "flag": "CW",
      "region": "caribbean",
      "economy": 35,
      "stability": 75,
      "population": 1,
      "protector": "NLD",
      "influence_zone": "caribbean",
      "is_territory": true,
      "special_status": "tax_haven"
    },
    {
      "id": "SXM",
      "name": "Sint Maarten",
      "name_fr": "Saint-Martin (neerlandais)",
      "flag": "SX",
      "region": "caribbean",
      "economy": 35,
      "stability": 70,
      "population": 1,
      "protector": "NLD",
      "influence_zone": "caribbean",
      "is_territory": true,
      "special_status": "tourism"
    },
    {
      "id": "VGB",
      "name": "British Virgin Islands",
      "name_fr": "Iles Vierges britanniques",
      "flag": "VG",
      "region": "caribbean",
      "economy": 50,
      "stability": 85,
      "population": 1,
      "protector": "GBR",
      "influence_zone": "caribbean",
      "is_territory": true,
      "special_status": "tax_haven"
    },
    {
      "id": "CYM",
      "name": "Cayman Islands",
      "name_fr": "Iles Caimans",
      "flag": "KY",
      "region": "caribbean",
      "economy": 75,
      "stability": 90,
      "population": 1,
      "protector": "GBR",
      "influence_zone": "caribbean",
      "is_territory": true,
      "special_status": "tax_haven"
    },
    {
      "id": "TCA",
      "name": "Turks and Caicos Islands",
      "name_fr": "Iles Turks-et-Caicos",
      "flag": "TC",
      "region": "caribbean",
      "economy": 35,
      "stability": 80,
      "population": 1,
      "protector": "GBR",
      "influence_zone": "caribbean",
      "is_territory": true,
      "special_status": "tourism"
    },
    {
      "id": "BMU",
      "name": "Bermuda",
      "name_fr": "Bermudes",
      "flag": "BM",
      "region": "caribbean",
      "economy": 65,
      "stability": 90,
      "population": 1,
      "protector": "GBR",
      "influence_zone": "caribbean",
      "is_territory": true,
      "special_status": "tax_haven"
    },
    {
      "id": "PRI",
      "name": "Puerto Rico",
      "name_fr": "Porto Rico",
      "flag": "PR",
      "region": "caribbean",
      "economy": 40,
      "stability": 70,
      "population": 3,
      "protector": "USA",
      "influence_zone": "caribbean",
      "is_territory": true,
      "special_status": null
    },
    {
      "id": "VIR",
      "name": "US Virgin Islands",
      "name_fr": "Iles Vierges americaines",
      "flag": "VI",
      "region": "caribbean",
      "economy": 35,
      "stability": 75,
      "population": 1,
      "protector": "USA",
      "influence_zone": "caribbean",
      "is_territory": true,
      "special_status": "tourism"
    },
    {
      "id": "KIR",
      "name": "Kiribati",
      "name_fr": "Kiribati",
      "flag": "KI",
      "region": "pacific",
      "economy": 10,
      "stability": 60,
      "population": 1,
      "protector": "AUS",
      "influence_zone": "pacific",
      "is_territory": false,
      "special_status": null
    },
    {
      "id": "MHL",
      "name": "Marshall Islands",
      "name_fr": "Iles Marshall",
      "flag": "MH",
      "region": "pacific",
      "economy": 15,
      "stability": 65,
      "population": 1,
      "protector": "USA",
      "influence_zone": "pacific",
      "is_territory": false,
      "special_status": "strategic_base"
    },
    {
      "id": "PLW",
      "name": "Palau",
      "name_fr": "Palaos",
      "flag": "PW",
      "region": "pacific",
      "economy": 20,
      "stability": 75,
      "population": 1,
      "protector": "USA",
      "influence_zone": "pacific",
      "is_territory": false,
      "special_status": "tourism"
    },
    {
      "id": "FSM",
      "name": "Micronesia",
      "name_fr": "Micronesie",
      "flag": "FM",
      "region": "pacific",
      "economy": 12,
      "stability": 65,
      "population": 1,
      "protector": "USA",
      "influence_zone": "pacific",
      "is_territory": false,
      "special_status": null
    },
    {
      "id": "TON",
      "name": "Tonga",
      "name_fr": "Tonga",
      "flag": "TO",
      "region": "pacific",
      "economy": 15,
      "stability": 70,
      "population": 1,
      "protector": "AUS",
      "influence_zone": "pacific",
      "is_territory": false,
      "special_status": null
    },
    {
      "id": "WSM",
      "name": "Samoa",
      "name_fr": "Samoa",
      "flag": "WS",
      "region": "pacific",
      "economy": 15,
      "stability": 70,
      "population": 1,
      "protector": "NZL",
      "influence_zone": "pacific",
      "is_territory": false,
      "special_status": null
    },
    {
      "id": "TUV",
      "name": "Tuvalu",
      "name_fr": "Tuvalu",
      "flag": "TV",
      "region": "pacific",
      "economy": 8,
      "stability": 65,
      "population": 1,
      "protector": "AUS",
      "influence_zone": "pacific",
      "is_territory": false,
      "special_status": null
    },
    {
      "id": "NRU",
      "name": "Nauru",
      "name_fr": "Nauru",
      "flag": "NR",
      "region": "pacific",
      "economy": 15,
      "stability": 60,
      "population": 1,
      "protector": "AUS",
      "influence_zone": "pacific",
      "is_territory": false,
      "special_status": null
    },
    {
      "id": "COK",
      "name": "Cook Islands",
      "name_fr": "Iles Cook",
      "flag": "CK",
      "region": "pacific",
      "economy": 20,
      "stability": 75,
      "population": 1,
      "protector": "NZL",
      "influence_zone": "pacific",
      "is_territory": true,
      "special_status": "tourism"
    },
    {
      "id": "NIU",
      "name": "Niue",
      "name_fr": "Niue",
      "flag": "NU",
      "region": "pacific",
      "economy": 10,
      "stability": 70,
      "population": 1,
      "protector": "NZL",
      "influence_zone": "pacific",
      "is_territory": true,
      "special_status": null
    },
    {
      "id": "PYF",
      "name": "French Polynesia",
      "name_fr": "Polynesie francaise",
      "flag": "PF",
      "region": "pacific",
      "economy": 35,
      "stability": 80,
      "population": 1,
      "protector": "FRA",
      "influence_zone": "pacific",
      "is_territory": true,
      "special_status": "tourism"
    },
    {
      "id": "NCL",
      "name": "New Caledonia",
      "name_fr": "Nouvelle-Caledonie",
      "flag": "NC",
      "region": "pacific",
      "economy": 40,
      "stability": 70,
      "population": 1,
      "protector": "FRA",
      "influence_zone": "pacific",
      "is_territory": true,
      "special_status": "minerals"
    },
    {
      "id": "WLF",
      "name": "Wallis and Futuna",
      "name_fr": "Wallis-et-Futuna",
      "flag": "WF",
      "region": "pacific",
      "economy": 10,
      "stability": 75,
      "population": 1,
      "protector": "FRA",
      "influence_zone": "pacific",
      "is_territory": true,
      "special_status": null
    },
    {
      "id": "GUM",
      "name": "Guam",
      "name_fr": "Guam",
      "flag": "GU",
      "region": "pacific",
      "economy": 35,
      "stability": 80,
      "population": 1,
      "protector": "USA",
      "influence_zone": "pacific",
      "is_territory": true,
      "special_status": "strategic_base"
    },
    {
      "id": "ASM",
      "name": "American Samoa",
      "name_fr": "Samoa americaines",
      "flag": "AS",
      "region": "pacific",
      "economy": 20,
      "stability": 75,
      "population": 1,
      "protector": "USA",
      "influence_zone": "pacific",
      "is_territory": true,
      "special_status": null
    },
    {
      "id": "SYC",
      "name": "Seychelles",
      "name_fr": "Seychelles",
      "flag": "SC",
      "region": "indian_ocean",
      "economy": 30,
      "stability": 75,
      "population": 1,
      "protector": "FRA",
      "influence_zone": "southern_africa",
      "is_territory": false,
      "special_status": "tourism"
    },
    {
      "id": "MUS",
      "name": "Mauritius",
      "name_fr": "Maurice",
      "flag": "MU",
      "region": "indian_ocean",
      "economy": 35,
      "stability": 75,
      "population": 1,
      "protector": "GBR",
      "influence_zone": "southern_africa",
      "is_territory": false,
      "special_status": "tax_haven"
    },
    {
      "id": "COM",
      "name": "Comoros",
      "name_fr": "Comores",
      "flag": "KM",
      "region": "indian_ocean",
      "economy": 10,
      "stability": 45,
      "population": 1,
      "protector": "FRA",
      "influence_zone": "southern_africa",
      "is_territory": false,
      "special_status": null
    },
    {
      "id": "MDV",
      "name": "Maldives",
      "name_fr": "Maldives",
      "flag": "MV",
      "region": "indian_ocean",
      "economy": 30,
      "stability": 65,
      "population": 1,
      "protector": "IND",
      "influence_zone": "south_asia",
      "is_territory": false,
      "special_status": "tourism"
    },
    {
      "id": "STP",
      "name": "Sao Tome and Principe",
      "name_fr": "Sao Tome-et-Principe",
      "flag": "ST",
      "region": "indian_ocean",
      "economy": 12,
      "stability": 60,
      "population": 1,
      "protector": "PRT",
      "influence_zone": "central_africa",
      "is_territory": false,
      "special_status": null
    },
    {
      "id": "CPV",
      "name": "Cape Verde",
      "name_fr": "Cap-Vert",
      "flag": "CV",
      "region": "atlantic",
      "economy": 20,
      "stability": 70,
      "population": 1,
      "protector": "PRT",
      "influence_zone": "west_africa",
      "is_territory": false,
      "special_status": null
    },
    {
      "id": "REU",
      "name": "Reunion",
      "name_fr": "La Reunion",
      "flag": "RE",
      "region": "indian_ocean",
      "economy": 35,
      "stability": 85,
      "population": 1,
      "protector": "FRA",
      "influence_zone": "southern_africa",
      "is_territory": true,
      "special_status": null
    },
    {
      "id": "MYT",
      "name": "Mayotte",
      "name_fr": "Mayotte",
      "flag": "YT",
      "region": "indian_ocean",
      "economy": 20,
      "stability": 70,
      "population": 1,
      "protector": "FRA",
      "influence_zone": "southern_africa",
      "is_territory": true,
      "special_status": null
    },
    {
      "id": "HKG",
      "name": "Hong Kong",
      "name_fr": "Hong Kong",
      "flag": "HK",
      "region": "asia",
      "economy": 85,
      "stability": 60,
      "population": 7,
      "protector": "CHN",
      "influence_zone": "east_asia",
      "is_territory": true,
      "special_status": "tax_haven"
    },
    {
      "id": "MAC",
      "name": "Macau",
      "name_fr": "Macao",
      "flag": "MO",
      "region": "asia",
      "economy": 70,
      "stability": 75,
      "population": 1,
      "protector": "CHN",
      "influence_zone": "east_asia",
      "is_territory": true,
      "special_status": "tourism"
    },
    {
      "id": "PSE",
      "name": "Palestine",
      "name_fr": "Palestine",
      "flag": "PS",
      "region": "middle_east",
      "economy": 10,
      "stability": 20,
      "population": 5,
      "protector": null,
      "influence_zone": "middle_east_levant",
      "is_territory": false,
      "special_status": null
    },
    {
      "id": "FLK",
      "name": "Falkland Islands",
      "name_fr": "Iles Malouines",
      "flag": "FK",
      "region": "atlantic",
      "economy": 30,
      "stability": 90,
      "population": 1,
      "protector": "GBR",
      "influence_zone": "south_america",
      "is_territory": true,
      "special_status": null
    },
    {
      "id": "SHN",
      "name": "Saint Helena",
      "name_fr": "Sainte-Helene",
      "flag": "SH",
      "region": "atlantic",
      "economy": 15,
      "stability": 85,
      "population": 1,
      "protector": "GBR",
      "influence_zone": "west_africa",
      "is_territory": true,
      "special_status": null
    },
    {
      "id": "GNQ",
      "name": "Equatorial Guinea",
      "name_fr": "Guinee equatoriale",
      "flag": "GQ",
      "region": "africa",
      "economy": 35,
      "stability": 50,
      "population": 1,
      "protector": "ESP",
      "influence_zone": "central_africa",
      "is_territory": false,
      "special_status": "oil"
    }
  ]
}
